{
  "label_aps": {
    "car": {
      "0.5": 0.0,
      "1.0": 0.0,
      "2.0": 0.0,
      "4.0": 0.0
    },
    "pedestrian": {
      "0.5": 0.6155090531351886,
      "1.0": 0.8042586842898857,
      "2.0": 0.9370863956973589,
      "4.0": 0.9570485448712484
    },
    "motorcycle": {
      "0.5": 0.0,
      "1.0": 0.0,
      "2.0": 0.0,
      "4.0": 0.0
    }
  },
  "mean_dist_aps": {
    "car": 0.0,
    "pedestrian": 0.8284756694984203,
    "motorcycle": 0.0
  },
  "mean_ap": 0.27615855649947346,
  "label_tp_errors": {
    "car": {
      "trans_err": 1.0,
      "scale_err": 1.0,
      "orient_err": 1.0,
      "vel_err": 1.0,
      "attr_err": 1.0
    },
    "pedestrian": {
      "trans_err": 0.25489791494211955,
      "scale_err": 0.7482755896638935,
      "orient_err": 0.8659140719238633,
      "vel_err": 0.0,
      "attr_err": 1.0
    },
    "motorcycle": {
      "trans_err": 1.0,
      "scale_err": 1.0,
      "orient_err": 1.0,
      "vel_err": 1.0,
      "attr_err": 1.0
    }
  },
  "tp_errors": {
    "trans_err": 0.7516326383140398,
    "scale_err": 0.9160918632212978,
    "orient_err": 0.9553046906412878,
    "vel_err": 0.6666666666666666,
    "attr_err": 1.0
  },
  "tp_scores": {
    "trans_err": 0.2483673616859602,
    "scale_err": 0.08390813677870224,
    "orient_err": 0.04469530935871224,
    "vel_err": 0.33333333333333337,
    "attr_err": 0.0
  },
  "nd_score": 0.20910969236540752,
  "eval_time": 0.11752700805664062,
  "cfg": {
    "class_range": {
      "car": 50,
      "truck": 50,
      "bus": 50,
      "trailer": 50,
      "construction_vehicle": 50,
      "pedestrian": 40,
      "motorcycle": 40,
      "bicycle": 40,
      "traffic_cone": 30,
      "barrier": 30
    },
    "dist_fcn": "center_distance",
    "dist_ths": [
      0.5,
      1.0,
      2.0,
      4.0
    ],
    "dist_th_tp": 2.0,
    "min_recall": 0.1,
    "min_precision": 0.1,
    "max_boxes_per_sample": 500,
    "mean_ap_weight": 5
  },
  "meta": {
    "use_lidar": true,
    "use_camera": false,
    "use_radar": false,
    "use_map": false,
    "use_external": false
  }
}